n_qubits,time[ms]
2,587.4271392822266
3,641.1929130554199
4,541.175127029419
5,580.1444053649902
6,715.705156326294
7,755.2697658538818
8,725.5361080169678
9,795.813798904419
10,867.6464557647705
11,1055.2144050598145
12,1323.6024379730225
13,1826.4291286468506
14,1683.053731918335
15,2292.7603721618652
16,3693.636655807495
17,9262.73226737976
18,17789.661645889282
